,profile links,image link
0,https://www.linkedin.com/in/s-venkadesh-96b2a716b?miniProfileUrn=urn%3Ali%3Afs_miniProfile%3AACoAAChxpqMBfhM3yTRicnZQC4tzRCDptCst8hI,https://media.licdn.com/dms/image/C5603AQEpvca1H5NnwA/profile-displayphoto-shrink_100_100/0/1626888309567?e=1685577600&v=beta&t=M_WdMKqtOJS6lBiO43GIHIhWamxOvsowI3Fqm2bgY3E
1,https://www.linkedin.com/in/sridharofficial?miniProfileUrn=urn%3Ali%3Afs_miniProfile%3AACoAADqwcBoBwHkZRDfpeyV_TY3tG0JjY9AoPmE,https://media.licdn.com/dms/image/C5603AQEayLtQAp_aYg/profile-displayphoto-shrink_100_100/0/1658366008198?e=1685577600&v=beta&t=3_VsFI1rqVIpFOVCq1e0qvurd2I249vHncfc35bP0jk
2,https://www.linkedin.com/in/dvivekanandhan?miniProfileUrn=urn%3Ali%3Afs_miniProfile%3AACoAAAXxD4sBWZtWXLh9M0LHrpLFH10qEmFkjvg,https://media.licdn.com/dms/image/D5603AQEisjQqOH9wNA/profile-displayphoto-shrink_100_100/0/1669980405938?e=1685577600&v=beta&t=DR7i7B5cFp5z6gNXaE0enVqmCOfqgPW_Sa24Du8zH4I
3,https://www.linkedin.com/in/sugam-sahu?miniProfileUrn=urn%3Ali%3Afs_miniProfile%3AACoAADd5ZlABUpu5LtU5hnC9rGj8nsckxN0eZSM,https://media.licdn.com/dms/image/D4E03AQHCO7cHKxuGww/profile-displayphoto-shrink_100_100/0/1679458112521?e=1685577600&v=beta&t=eWy8HCSK3ZgkrHuWFMQPT1lXtA6L1WS_JzeQwoDoi2c
4,https://www.linkedin.com/in/prasanthstack?miniProfileUrn=urn%3Ali%3Afs_miniProfile%3AACoAAC6PIaIBz_ApbktdflIOtsvGpJEFyCxmub0,https://media.licdn.com/dms/image/D4D35AQFBst77n9Bgbw/profile-framedphoto-shrink_100_100/0/1657534377623?e=1680800400&v=beta&t=HTdrgKiV32GvOYtTuQuODX_dsAu6d7Nr_YL6DrdSLq8
5,https://www.linkedin.com/in/thearunmishra?miniProfileUrn=urn%3Ali%3Afs_miniProfile%3AACoAABHQGI4Bfktm1AOho9A59dIsa5dmixldaPM,https://media.licdn.com/dms/image/C5603AQExsH-NWbeJwQ/profile-displayphoto-shrink_100_100/0/1641908957225?e=1685577600&v=beta&t=wzzOGKEWw_n9-XXmtbIvpYhRWEPkPMidWvvDE_6KZJ4
6,https://www.linkedin.com/in/franklinjagan?miniProfileUrn=urn%3Ali%3Afs_miniProfile%3AACoAAAyqMz4B5_lA7SaOAjudTyEK4LyBPM5zSKg,https://media.licdn.com/dms/image/C5103AQGhhGvxny98EQ/profile-displayphoto-shrink_100_100/0/1551854638378?e=1685577600&v=beta&t=rtucIHdfaBdIwrv5cYhidgxjIMRb8Oeznqmhhfj3aWg
7,https://www.linkedin.com/in/varun-krishnan-v?miniProfileUrn=urn%3Ali%3Afs_miniProfile%3AACoAAC0Xv4oB61v6_FsiMCC4_JS_3fXUj9SaQeY,https://media.licdn.com/dms/image/D5603AQGgZ2IBfKoMXw/profile-displayphoto-shrink_100_100/0/1659094717667?e=1685577600&v=beta&t=XmDQB9xCnQAxdmOeQ4YWhL4zlRDBGAayn-V7bU-ZyZw
8,https://www.linkedin.com/in/rahulr12?miniProfileUrn=urn%3Ali%3Afs_miniProfile%3AACoAAD83SQcBDpsL7cZ5K0l9l6Uz9RFCcLneeoY,https://media.licdn.com/dms/image/D5603AQG8lATqRiqndw/profile-displayphoto-shrink_100_100/0/1679845827221?e=1685577600&v=beta&t=KSkuNrwo3bG3q1mZG_k-_KHsWu29DNE_cXLpSpzHT0I
9,https://www.linkedin.com/in/yaswanth-nelavai-27176822a?miniProfileUrn=urn%3Ali%3Afs_miniProfile%3AACoAADlr0XUBZpqcMb4TNJQL23knnZrhjGTCk4Y,https://media.licdn.com/dms/image/C5603AQEM3bGNLsznxQ/profile-displayphoto-shrink_100_100/0/1642140138476?e=1685577600&v=beta&t=TMLBvsNcTRC2mmw2Gu-pNIM3knm8aCesiLhipkr56Lk
